"d(n/r)/dT(kB)(x), created by Plot Digitizer, 2.6.8"
"Date: 21/03/09, 9:42:23"


8
x,d(n/r)/dT(kB)
0,0.906977,
0.0493750,1.02326,
0.0993750,0.976744,
0.129375,0.837209,
0.160000,0.767442,
0.179375,1.58140,
0.199375,1.30233,
0.248750,1.90698,
